job_id,description,cost,completion,client_id
1,quis pede. Praesent eu dui.,358,No,68
2,urna suscipit nonummy. Fusce fermentum fermentum arcu. Vestibulum ante ipsum primis,497,No,49
3,non enim commodo hendrerit. Donec porttitor tellus,690,Yes,26
4,adipiscing lobortis risus. In mi,207,No,23
5,sem semper erat in consectetuer ipsum nunc id enim. Curabitur massa.,532,No,3
6,ut quam vel sapien,861,Yes,97
7,sollicitudin orci sem eget massa. Suspendisse eleifend. Cras sed leo. Cras vehicula aliquet libero. Integer in,673,No,26
8,enim mi,183,Yes,13
9,nibh. Quisque,968,No,14
10,nibh lacinia orci consectetuer euismod est arcu ac orci. Ut semper pretium,690,Yes,18
11,laoreet posuere enim nisl elementum purus accumsan interdum libero dui,395,Yes,62
12,purus accumsan,161,Yes,86
13,Suspendisse dui. Fusce diam nunc ullamcorper eu euismod ac fermentum vel mauris. Integer sem,824,Yes,77
14,risus. Donec egestas. Aliquam,960,No,95
15,eget nisi dictum augue malesuada malesuada. Integer id magna et ipsum cursus vestibulum. Mauris magna. Duis dignissim tempor,142,No,74
16,arcu et pede. Nunc sed orci lobortis augue scelerisque mollis. Phasellus libero mauris aliquam eu,424,No,60
17,Donec sollicitudin adipiscing ligula. Aenean gravida nunc sed pede. Cum sociis natoque,549,Yes,77
18,odio sagittis semper.,587,Yes,22
19,nulla. Cras eu tellus eu augue porttitor interdum. Sed auctor odio a purus. Duis elementum dui quis,718,No,86
20,a neque. Nullam ut nisi a odio semper cursus. Integer,290,No,77
21,lobortis quis pede. Suspendisse dui.,102,Yes,47
22,lectus justo eu arcu. Morbi sit amet massa. Quisque porttitor eros nec tellus.,390,Yes,65
23,ac turpis egestas. Aliquam fringilla cursus purus. Nullam scelerisque,168,No,44
24,a ultricies adipiscing enim mi tempor lorem eget mollis lectus pede et,250,Yes,43
25,erat eget ipsum. Suspendisse sagittis. Nullam vitae diam. Proin dolor. Nulla semper tellus id nunc interdum feugiat. Sed nec metus,339,No,19
26,quam dignissim pharetra. Nam ac nulla. In tincidunt congue turpis. In condimentum. Donec at arcu. Vestibulum ante,818,Yes,45
27,tempus scelerisque lorem ipsum sodales,669,No,14
28,Pellentesque tincidunt tempus risus. Donec egestas. Duis ac arcu. Nunc mauris. Morbi non sapien molestie orci,916,No,81
29,non hendrerit id ante. Nunc mauris sapien cursus in,902,Yes,50
30,Nullam enim. Sed nulla,276,No,45
31,tempor diam dictum sapien. Aenean massa. Integer vitae nibh.,345,Yes,70
32,hendrerit. Donec porttitor tellus non magna. Nam ligula elit pretium et rutrum non hendrerit id ante. Nunc mauris sapien,893,No,85
33,libero nec,375,Yes,29
34,Vivamus euismod urna. Nullam lobortis quam,775,Yes,33
35,arcu. Morbi sit amet massa. Quisque porttitor eros nec tellus. Nunc lectus pede ultrices a auctor,117,Yes,88
36,dolor elit pellentesque a facilisis non bibendum sed est. Nunc laoreet lectus quis massa. Mauris,383,No,77
37,Fusce feugiat. Lorem ipsum dolor sit amet consectetuer adipiscing elit.,776,Yes,22
38,fermentum convallis ligula. Donec luctus aliquet odio. Etiam ligula tortor dictum eu placerat eget venenatis,223,Yes,23
39,adipiscing lacus. Ut nec urna et arcu imperdiet ullamcorper. Duis at lacus. Quisque purus sapien gravida non,266,No,41
40,sapien gravida non sollicitudin a malesuada id erat. Etiam vestibulum massa rutrum magna. Cras convallis convallis dolor.,328,Yes,34
41,turpis. Nulla aliquet. Proin velit. Sed malesuada augue ut lacus.,538,No,53
42,torquent per conubia nostra per inceptos hymenaeos. Mauris ut,450,Yes,8
43,et ipsum cursus vestibulum. Mauris magna. Duis,498,No,48
44,dictum sapien. Aenean massa. Integer vitae nibh. Donec est,113,No,58
45,pellentesque eget dictum placerat augue. Sed molestie. Sed id risus quis diam,251,No,90
46,rhoncus. Nullam velit dui semper et lacinia vitae sodales at velit. Pellentesque ultricies dignissim lacus. Aliquam rutrum lorem ac,200,Yes,91
47,ligula. Nullam feugiat placerat velit. Quisque varius. Nam porttitor scelerisque neque. Nullam nisl. Maecenas,258,No,78
48,ornare elit elit fermentum risus,184,Yes,26
49,et nunc. Quisque ornare tortor,471,No,39
50,diam. Pellentesque habitant morbi tristique senectus et,567,Yes,79
51,Cum sociis natoque penatibus et magnis dis parturient montes nascetur ridiculus,708,Yes,44
52,vel vulputate eu odio. Phasellus at augue id,957,Yes,62
53,sem eget massa. Suspendisse eleifend. Cras sed leo. Cras vehicula,655,No,91
54,urna nec luctus felis purus ac tellus. Suspendisse sed dolor. Fusce mi lorem,108,No,10
55,ac feugiat non lobortis quis pede. Suspendisse dui. Fusce diam nunc ullamcorper eu euismod ac fermentum vel mauris. Integer,943,No,27
56,pellentesque a facilisis non bibendum sed est. Nunc laoreet,898,Yes,82
57,commodo tincidunt nibh. Phasellus nulla. Integer vulputate risus a ultricies adipiscing enim mi tempor lorem eget mollis lectus pede,943,Yes,94
58,Cum sociis natoque penatibus et magnis dis parturient montes nascetur ridiculus mus. Aenean eget,151,No,97
59,Pellentesque habitant morbi tristique senectus et netus et malesuada fames ac turpis egestas. Fusce aliquet,628,Yes,90
60,luctus vulputate nisi sem semper erat,355,Yes,64
61,turpis nec,767,No,42
62,Sed auctor odio a purus. Duis elementum dui quis accumsan convallis ante lectus,393,No,38
63,eget metus. In nec orci. Donec nibh.,490,No,53
64,ipsum ac mi eleifend egestas. Sed pharetra felis eget varius ultrices mauris,785,No,77
65,porta elit a feugiat tellus lorem eu metus.,872,Yes,39
66,ac turpis egestas. Fusce aliquet magna a neque. Nullam ut nisi a odio semper cursus. Integer mollis.,274,Yes,57
67,odio. Etiam ligula tortor dictum eu placerat eget venenatis,658,Yes,69
68,turpis nec mauris blandit mattis. Cras eget nisi dictum augue malesuada malesuada.,106,No,72
69,blandit mattis. Cras eget nisi dictum augue malesuada malesuada. Integer id magna,394,Yes,22
70,aliquam iaculis lacus pede sagittis,155,Yes,82
71,ac turpis egestas. Fusce aliquet magna a neque. Nullam ut nisi a odio semper cursus. Integer mollis. Integer,530,Yes,33
72,rutrum eu ultrices sit amet risus. Donec nibh enim gravida,906,No,3
73,in tempus eu ligula. Aenean euismod mauris eu elit. Nulla facilisi. Sed neque. Sed eget lacus.,235,Yes,77
74,et arcu imperdiet ullamcorper. Duis at lacus. Quisque purus sapien gravida non sollicitudin a malesuada,827,No,42
75,lobortis risus. In mi pede nonummy ut molestie in tempus eu ligula. Aenean euismod mauris eu elit. Nulla facilisi.,582,No,75
76,ad litora torquent per conubia nostra per inceptos hymenaeos. Mauris ut quam vel sapien,997,Yes,50
77,lobortis augue,736,No,25
78,tincidunt nunc,916,No,76
79,Nam consequat dolor,642,Yes,18
80,libero lacus varius et euismod et commodo at,368,No,95
81,pede ac urna. Ut tincidunt vehicula risus. Nulla eget metus eu erat semper rutrum.,416,No,57
82,eget metus. In nec orci. Donec nibh. Quisque nonummy ipsum non,563,Yes,61
83,nec cursus a enim. Suspendisse,643,Yes,40
84,Suspendisse sagittis. Nullam vitae,323,No,69
85,nec enim. Nunc ut erat. Sed nunc est mollis non cursus non egestas a dui. Cras,767,No,56
86,dolor. Donec fringilla. Donec feugiat metus sit amet ante.,206,No,61
87,Nunc mauris. Morbi non sapien,235,No,46
88,lorem ipsum sodales purus in molestie tortor nibh sit amet orci. Ut sagittis lobortis mauris. Suspendisse aliquet molestie tellus.,170,No,2
89,et ipsum cursus,270,Yes,24
90,pede. Suspendisse dui. Fusce diam nunc ullamcorper eu euismod ac fermentum vel mauris.,919,Yes,16
91,enim gravida sit amet dapibus id blandit at nisi. Cum sociis natoque penatibus et magnis dis parturient,707,Yes,95
92,tristique senectus et netus et malesuada fames ac turpis egestas. Aliquam fringilla cursus purus. Nullam scelerisque neque sed sem egestas,995,No,47
93,placerat eget venenatis a magna. Lorem ipsum dolor sit amet consectetuer adipiscing elit. Etiam laoreet,191,No,34
94,Ut nec urna et arcu imperdiet ullamcorper. Duis at lacus. Quisque purus sapien gravida non,308,No,84
95,orci consectetuer euismod est arcu ac orci. Ut semper pretium,772,No,49
96,dolor. Fusce mi lorem vehicula et rutrum eu ultrices sit amet,996,No,93
97,risus odio auctor vitae aliquet nec imperdiet nec,212,Yes,82
98,tristique ac eleifend vitae erat. Vivamus nisi. Mauris nulla. Integer urna. Vivamus molestie,942,No,81
99,cursus non egestas a dui.,322,Yes,66
100,ultrices. Duis volutpat nunc,494,Yes,36
101,lectus quis massa. Mauris vestibulum neque sed dictum eleifend nunc risus varius orci in consequat enim diam,122,Yes,17
102,pede. Cum sociis natoque penatibus et magnis dis,733,No,65
103,dictum ultricies ligula. Nullam enim. Sed nulla ante iaculis nec eleifend non dapibus rutrum justo. Praesent,233,Yes,63
104,Aliquam fringilla cursus purus. Nullam scelerisque neque sed sem egestas blandit. Nam nulla magna malesuada vel convallis,103,No,96
105,Sed eu eros. Nam consequat dolor vitae dolor. Donec fringilla.,473,No,76
106,eu dolor egestas rhoncus. Proin nisl sem consequat nec mollis vitae posuere at velit. Cras lorem lorem luctus,847,Yes,43
107,adipiscing elit. Etiam laoreet libero et tristique pellentesque tellus sem mollis dui in sodales elit erat vitae,104,Yes,51
108,sit amet orci. Ut sagittis lobortis mauris. Suspendisse aliquet molestie tellus. Aenean egestas hendrerit neque. In,779,Yes,43
109,nec tellus. Nunc lectus pede ultrices a auctor non feugiat nec diam. Duis mi enim,403,No,25
110,montes nascetur ridiculus mus. Proin vel nisl. Quisque fringilla euismod enim. Etiam gravida molestie,495,No,39
111,nunc interdum feugiat. Sed nec metus facilisis lorem tristique aliquet. Phasellus fermentum convallis ligula.,722,Yes,83
112,tempor augue ac ipsum. Phasellus vitae mauris sit amet lorem semper auctor. Mauris vel turpis. Aliquam adipiscing lobortis risus. In,702,Yes,19
113,tempor lorem,661,No,29
114,a malesuada id erat. Etiam vestibulum,503,Yes,39
115,sit amet luctus vulputate nisi sem semper erat in consectetuer,874,No,98
116,non ante bibendum ullamcorper. Duis cursus diam at pretium aliquet metus urna convallis erat eget tincidunt dui augue,711,No,23
117,molestie arcu. Sed eu nibh vulputate mauris sagittis placerat. Cras dictum ultricies ligula. Nullam enim. Sed nulla ante iaculis,162,Yes,99
118,sollicitudin adipiscing ligula. Aenean gravida nunc,466,No,33
119,semper egestas urna justo faucibus lectus a sollicitudin orci sem,998,Yes,92
120,Cras vehicula aliquet libero. Integer in magna. Phasellus dolor elit pellentesque a facilisis non bibendum,775,Yes,47
121,et commodo at libero. Morbi accumsan,977,Yes,11
122,Praesent interdum ligula eu enim. Etiam imperdiet dictum magna. Ut tincidunt orci quis lectus. Nullam suscipit est ac,294,Yes,25
123,Morbi sit amet massa. Quisque,483,No,55
124,Curabitur ut odio,490,Yes,72
125,purus. Maecenas libero est congue a aliquet vel vulputate eu odio. Phasellus,629,Yes,95
126,quam dignissim pharetra. Nam ac nulla. In tincidunt,555,No,45
127,Aliquam nec enim. Nunc ut erat. Sed nunc est mollis non cursus non egestas a dui.,757,Yes,41
128,Vivamus sit amet risus. Donec egestas. Aliquam nec enim. Nunc ut erat. Sed nunc est mollis non cursus non,128,Yes,70
129,sem ut dolor dapibus gravida. Aliquam tincidunt nunc ac mattis ornare lectus ante dictum mi,885,Yes,97
130,sagittis augue eu tempor erat neque non quam. Pellentesque habitant morbi tristique senectus et netus et malesuada fames,484,No,32
131,hendrerit. Donec porttitor tellus non magna. Nam ligula elit pretium et rutrum non,647,Yes,17
132,fringilla ornare placerat,134,Yes,43
133,ligula elit pretium et rutrum non hendrerit id ante. Nunc mauris sapien cursus in hendrerit consectetuer cursus,242,Yes,43
134,consequat lectus sit amet luctus vulputate nisi sem semper erat in consectetuer,400,Yes,15
135,rutrum magna. Cras convallis,754,Yes,18
136,dis parturient montes nascetur ridiculus mus. Proin vel nisl. Quisque fringilla euismod enim. Etiam,199,No,19
137,sed pede nec ante blandit viverra. Donec tempus lorem fringilla ornare,157,Yes,67
138,sem consequat nec mollis vitae posuere at velit. Cras lorem lorem luctus ut pellentesque eget dictum placerat augue. Sed,611,Yes,4
139,metus eu erat semper rutrum. Fusce dolor,386,No,78
140,elit. Curabitur sed tortor. Integer aliquam adipiscing lacus. Ut nec urna,295,Yes,46
141,Duis at lacus. Quisque purus sapien,867,No,72
142,nunc risus varius orci,793,Yes,53
143,a facilisis non bibendum sed est. Nunc laoreet lectus quis massa. Mauris vestibulum neque sed dictum eleifend nunc risus varius,173,No,82
144,Nullam vitae diam. Proin,158,No,17
145,tellus sem mollis dui in sodales elit erat vitae risus. Duis a mi fringilla mi lacinia,578,Yes,60
146,viverra. Donec tempus lorem fringilla ornare placerat orci lacus vestibulum lorem,412,Yes,44
147,Nunc mauris elit dictum eu eleifend nec malesuada ut sem. Nulla interdum. Curabitur dictum. Phasellus in felis. Nulla tempor,402,No,84
148,dui semper et lacinia vitae sodales at velit. Pellentesque ultricies dignissim lacus. Aliquam rutrum lorem,681,Yes,92
149,erat nonummy ultricies ornare elit elit fermentum risus at fringilla purus mauris,898,No,8
150,magna sed dui. Fusce aliquam enim nec tempus scelerisque lorem ipsum sodales purus in,277,No,50
151,ornare elit elit fermentum risus at fringilla purus mauris a nunc. In at pede. Cras,924,Yes,70
152,consequat nec mollis vitae,884,Yes,16
153,tempor erat neque non quam. Pellentesque habitant morbi tristique senectus et netus et malesuada fames ac turpis egestas.,579,No,98
154,ridiculus mus. Donec dignissim,874,No,87
155,lacus pede sagittis augue eu tempor erat neque non quam. Pellentesque habitant morbi,695,No,7
156,placerat orci lacus vestibulum lorem sit,112,Yes,94
157,eu metus. In lorem. Donec elementum lorem ut aliquam iaculis,565,Yes,66
158,sagittis. Duis,895,No,38
159,Proin sed turpis nec mauris blandit mattis. Cras eget nisi dictum augue malesuada malesuada. Integer id magna et,675,No,32
160,morbi tristique senectus,100,No,42
161,urna convallis erat eget tincidunt,266,No,2
162,dictum magna. Ut tincidunt orci,544,No,62
163,Nunc commodo auctor velit. Aliquam nisl. Nulla eu neque pellentesque massa lobortis ultrices.,427,No,75
164,sollicitudin,294,No,62
165,vitae posuere at velit. Cras lorem lorem luctus ut pellentesque eget dictum placerat augue. Sed molestie.,189,No,90
166,tristique pharetra.,441,Yes,62
167,risus. Duis a,881,Yes,98
168,risus. Donec egestas. Aliquam nec enim. Nunc ut erat.,356,Yes,64
169,placerat augue. Sed molestie. Sed id risus quis diam luctus lobortis. Class aptent taciti sociosqu ad,884,No,43
170,diam,792,Yes,90
171,Nulla semper tellus id nunc interdum feugiat. Sed nec metus facilisis lorem tristique aliquet. Phasellus fermentum convallis ligula.,826,No,10
172,magna malesuada vel convallis in cursus et eros. Proin ultrices. Duis volutpat nunc sit amet metus. Aliquam erat volutpat.,642,No,22
173,Cum sociis natoque penatibus et magnis dis parturient montes nascetur ridiculus mus. Proin vel arcu eu odio,441,No,59
174,mollis. Phasellus libero mauris aliquam eu accumsan sed,938,Yes,31
175,scelerisque mollis. Phasellus libero,667,Yes,17
176,eu ligula. Aenean euismod mauris eu elit. Nulla,800,Yes,95
177,amet faucibus ut nulla. Cras eu tellus,676,Yes,34
178,orci. Ut,553,No,76
179,diam. Proin dolor.,668,No,57
180,eu eros. Nam consequat dolor vitae dolor. Donec fringilla. Donec feugiat metus sit amet ante. Vivamus non lorem vitae,376,No,7
181,arcu ac orci. Ut semper pretium neque. Morbi quis urna. Nunc quis arcu vel quam dignissim,932,Yes,86
182,pede ac urna. Ut tincidunt vehicula risus. Nulla eget metus eu,469,Yes,24
183,venenatis vel faucibus id libero. Donec consectetuer mauris id sapien. Cras dolor dolor tempus non lacinia at iaculis quis pede.,559,Yes,31
184,Nulla eu neque pellentesque massa lobortis ultrices. Vivamus rhoncus. Donec est. Nunc ullamcorper velit in aliquet lobortis,152,No,88
185,nibh enim gravida sit amet dapibus id blandit,553,No,77
186,accumsan sed facilisis vitae orci. Phasellus dapibus quam quis diam. Pellentesque habitant morbi tristique senectus,693,No,30
187,Sed id risus quis diam luctus lobortis. Class aptent taciti sociosqu ad,356,No,25
188,libero lacus,449,Yes,7
189,lobortis mauris. Suspendisse aliquet molestie tellus. Aenean egestas hendrerit neque. In ornare sagittis felis. Donec tempor,190,No,19
190,volutpat ornare facilisis eget ipsum. Donec sollicitudin adipiscing ligula. Aenean gravida nunc sed pede. Cum,173,No,34
191,Vivamus nisi. Mauris nulla. Integer urna. Vivamus molestie dapibus ligula. Aliquam,152,Yes,63
192,magna.,948,Yes,6
193,Nunc sollicitudin commodo ipsum. Suspendisse non leo. Vivamus nibh dolor nonummy ac feugiat non,413,No,45
194,bibendum ullamcorper. Duis cursus diam at pretium,986,No,82
195,ipsum,365,No,70
196,pede. Cras vulputate velit eu sem. Pellentesque ut ipsum ac mi eleifend egestas. Sed pharetra felis eget varius ultrices mauris,591,Yes,52
197,scelerisque mollis. Phasellus libero mauris aliquam,521,Yes,56
198,rhoncus id mollis nec cursus a enim. Suspendisse,308,No,66
199,Proin non massa non ante bibendum ullamcorper. Duis cursus diam at pretium aliquet metus urna convallis,167,Yes,67
200,sit amet faucibus ut nulla. Cras eu tellus eu augue porttitor interdum. Sed auctor odio,172,No,84
201,Nullam velit dui semper et lacinia vitae sodales at velit. Pellentesque ultricies dignissim lacus. Aliquam,479,No,56
202,et tristique pellentesque tellus sem mollis dui in sodales elit erat,772,No,5
203,accumsan sed facilisis vitae orci. Phasellus dapibus quam quis diam. Pellentesque habitant morbi tristique senectus et,191,Yes,50
204,lobortis quis pede.,357,No,12
205,nonummy ipsum non arcu. Vivamus sit amet risus. Donec egestas. Aliquam nec,210,Yes,97
206,vel venenatis vel faucibus id,137,Yes,34
207,non enim.,983,No,43
208,urna. Vivamus molestie dapibus ligula. Aliquam erat volutpat. Nulla dignissim. Maecenas ornare egestas ligula. Nullam feugiat,117,No,88
209,posuere cubilia Curae Phasellus ornare. Fusce mollis. Duis,889,Yes,88
210,et rutrum eu ultrices sit amet risus. Donec nibh enim gravida sit amet dapibus id blandit at,597,No,21
211,molestie tellus. Aenean egestas hendrerit neque. In ornare sagittis felis. Donec tempor est ac mattis semper,979,Yes,61
212,et commodo at libero. Morbi accumsan laoreet ipsum. Curabitur consequat lectus sit amet luctus vulputate,810,No,66
213,congue elit sed consequat auctor nunc,601,Yes,52
214,posuere at velit. Cras lorem lorem luctus ut pellentesque eget dictum placerat augue. Sed molestie.,666,No,20
215,eros non,712,No,38
216,aliquet molestie tellus. Aenean egestas hendrerit neque. In ornare,824,Yes,24
217,egestas. Duis ac,827,No,5
218,Vivamus molestie dapibus ligula. Aliquam erat volutpat. Nulla dignissim. Maecenas ornare egestas ligula. Nullam feugiat placerat velit. Quisque varius.,143,No,29
219,sem ut cursus luctus ipsum leo elementum sem vitae aliquam eros turpis,886,No,78
220,facilisis vitae orci. Phasellus dapibus quam quis diam.,666,Yes,2
221,eget venenatis a magna. Lorem ipsum dolor,866,No,88
222,Suspendisse aliquet molestie tellus. Aenean egestas hendrerit neque. In ornare sagittis,439,No,81
223,metus. Vivamus euismod urna. Nullam lobortis quam a felis ullamcorper,864,Yes,2
224,Etiam gravida molestie arcu. Sed eu nibh vulputate mauris,513,No,42
225,erat vitae risus. Duis a mi fringilla mi lacinia mattis. Integer eu,890,No,94
226,eros. Proin ultrices. Duis volutpat nunc sit amet metus. Aliquam erat volutpat.,867,Yes,22
227,In lorem.,907,No,58
228,commodo tincidunt nibh. Phasellus nulla. Integer vulputate risus,574,Yes,40
229,et magnis dis parturient montes nascetur ridiculus mus.,574,Yes,40
230,et nunc. Quisque ornare tortor at risus. Nunc ac sem ut dolor dapibus gravida.,516,No,11
231,Pellentesque habitant morbi tristique senectus et netus et malesuada fames ac turpis egestas. Aliquam fringilla cursus purus. Nullam scelerisque,363,No,48
232,libero. Morbi accumsan laoreet ipsum. Curabitur consequat lectus sit amet luctus vulputate nisi sem semper erat,915,Yes,49
233,Morbi accumsan laoreet ipsum. Curabitur consequat lectus sit amet luctus vulputate nisi sem semper erat,295,Yes,17
234,Etiam vestibulum massa rutrum magna. Cras convallis convallis dolor. Quisque,249,Yes,24
235,iaculis odio. Nam interdum enim non nisi.,644,Yes,49
236,a ultricies adipiscing enim mi,575,No,84
237,Nunc mauris elit dictum eu eleifend nec malesuada ut sem. Nulla,788,Yes,46
238,sem semper erat in consectetuer ipsum nunc id enim. Curabitur massa. Vestibulum accumsan neque et nunc. Quisque ornare,715,No,38
239,rutrum. Fusce dolor quam elementum at egestas,753,Yes,42
240,purus gravida sagittis. Duis gravida. Praesent,826,Yes,69
241,aliquet lobortis nisi nibh lacinia orci consectetuer euismod est,158,Yes,53
242,diam. Duis mi enim condimentum eget volutpat ornare facilisis eget,805,No,90
243,vestibulum lorem sit amet ultricies sem magna nec quam. Curabitur vel lectus. Cum sociis natoque penatibus,253,Yes,67
244,sem vitae,976,Yes,67
245,condimentum. Donec at arcu. Vestibulum ante ipsum primis in faucibus orci luctus et ultrices posuere cubilia,473,No,57
246,Proin sed turpis nec mauris blandit mattis. Cras eget nisi dictum,834,Yes,26
247,non justo. Proin non massa non ante bibendum ullamcorper. Duis cursus diam at pretium aliquet metus urna convallis,161,No,27
248,molestie. Sed id risus quis diam,955,Yes,86
249,sed consequat auctor nunc nulla vulputate dui nec tempus mauris erat eget ipsum.,534,Yes,37
250,ligula elit pretium et rutrum non hendrerit id ante. Nunc mauris sapien cursus in hendrerit consectetuer,893,No,53
251,elit. Curabitur,984,Yes,14
252,a purus. Duis,438,Yes,42
253,rutrum non hendrerit id ante. Nunc mauris sapien cursus in hendrerit consectetuer cursus et magna. Praesent interdum ligula eu enim.,517,Yes,24
254,Aliquam rutrum lorem ac risus. Morbi metus. Vivamus euismod,698,No,14
255,nec orci. Donec nibh. Quisque,893,No,9
256,convallis convallis dolor. Quisque tincidunt pede ac urna. Ut tincidunt vehicula risus. Nulla,790,No,71
257,aliquam enim nec tempus scelerisque lorem ipsum sodales purus in molestie tortor,521,Yes,59
258,tellus. Nunc lectus,600,Yes,57
259,sit amet diam eu dolor egestas rhoncus. Proin nisl sem consequat nec mollis vitae,678,Yes,53
260,lectus. Nullam suscipit est ac facilisis facilisis magna tellus faucibus leo in lobortis,229,Yes,19
261,scelerisque lorem ipsum,366,Yes,86
262,ultricies ornare elit elit fermentum risus at,785,No,77
263,amet luctus vulputate,924,Yes,53
264,ante. Nunc mauris sapien cursus in hendrerit consectetuer cursus et magna. Praesent interdum ligula eu enim. Etiam imperdiet dictum magna.,728,Yes,9
265,arcu. Vestibulum ante ipsum primis in faucibus orci luctus et ultrices posuere cubilia Curae,325,Yes,49
266,sem ut dolor dapibus,641,No,56
267,ipsum. Phasellus vitae mauris,326,No,50
268,eros.,930,No,12
269,eu tempor erat neque non quam. Pellentesque habitant,656,No,66
270,tempor est ac mattis semper dui lectus rutrum urna nec luctus felis,484,No,45
271,augue eu tellus. Phasellus elit pede malesuada vel venenatis vel,933,Yes,25
272,nulla at sem molestie sodales. Mauris blandit enim consequat purus. Maecenas libero est congue a aliquet,333,No,65
273,Etiam imperdiet dictum magna. Ut tincidunt orci quis lectus. Nullam suscipit est ac facilisis facilisis magna tellus faucibus leo,326,Yes,24
274,Nam nulla magna malesuada vel convallis in cursus,502,No,84
275,non quam. Pellentesque habitant morbi tristique senectus et netus et malesuada fames,474,Yes,87
276,Nullam lobortis quam a felis ullamcorper viverra. Maecenas iaculis aliquet diam. Sed diam,517,No,97
277,urna nec luctus felis purus ac tellus. Suspendisse,617,No,9
278,nibh. Quisque nonummy ipsum non arcu. Vivamus sit amet risus. Donec egestas.,192,Yes,60
279,aliquet molestie tellus. Aenean egestas hendrerit neque. In ornare sagittis felis. Donec,584,No,87
280,neque vitae,718,No,48
281,libero. Donec consectetuer mauris id sapien. Cras,405,Yes,53
282,erat,707,Yes,3
283,iaculis,481,No,91
284,ligula tortor dictum eu placerat eget venenatis a magna.,771,No,93
285,Ut semper pretium neque. Morbi quis urna.,966,Yes,79
286,adipiscing elit. Aliquam auctor velit eget laoreet posuere enim,806,Yes,30
287,elementum at egestas a scelerisque sed sapien. Nunc pulvinar arcu et pede. Nunc sed orci lobortis augue scelerisque,901,Yes,79
288,tempor lorem eget mollis lectus pede et risus. Quisque libero lacus varius et euismod et commodo at libero.,609,No,87
289,vulputate eu odio. Phasellus at augue id,373,No,81
290,nascetur ridiculus mus. Proin vel nisl. Quisque,330,Yes,3
291,nec euismod in dolor. Fusce feugiat.,195,No,32
292,eu enim. Etiam imperdiet dictum magna. Ut tincidunt orci quis lectus. Nullam,359,No,70
293,ultrices. Duis volutpat nunc,218,Yes,57
294,lacinia orci consectetuer euismod est arcu ac orci. Ut,301,Yes,43
295,varius orci in consequat enim diam vel arcu.,697,No,98
296,Cum sociis natoque penatibus et magnis dis parturient montes nascetur ridiculus mus. Donec dignissim magna a tortor. Nunc commodo,466,Yes,46
297,amet risus. Donec nibh enim gravida sit amet,955,Yes,46
298,a scelerisque sed,635,Yes,58
299,vulputate nisi sem semper erat in consectetuer ipsum nunc id enim. Curabitur massa. Vestibulum,625,Yes,59
300,lobortis mauris. Suspendisse aliquet,500,No,97
